escuela,consolidada,matricula,promedio_espanol,promedio_matematica,promedio_ingles,promedio_ciencias
Abelardo Martinez Otero,0,464.0,65.5,12.1,80.2,67.0
Agapito Rosario Rosario,0,473.0,57.8,65.3,67.3,77.1
Amalia Lopez de Avila (Nueva),0,332.0,70.4,76.7,76.1,90.4
Angel Sandin Martinez,0,473.0,57.8,65.3,67.3,77.1
Angelica Gomez de Betancourt,0,214.0,31.9,23.5,24.4,51.2
Anibal Reyes Belen,0,741.0,48.7,9.0,55.6,64.9
Antonio Paoli,0,294.0,36.6,53.2,20.9,44.1
Antonio Reyes,0,428.0,42.6,18.7,45.8,60.7
Antonio Velez Alvarado,0,163.0,70.4,87.0,70.4,85.7
Apolo San Antonio,0,636.0,24.7,2.7,19.5,20.8
Carmen Noelia Peraza Toledo,0,267.0,87.0,87.8,85.4,88.6
Clemente Ramirez de Arellano,1,268.0,88.0,95.0,85.0,91.0
Concepcion Perez Hernandez,1,123.0,53.0,81.0,86.0,100.0
Cotto (Anexo),0,22.0,0.0,57.1,57.1,60.0
Cristobal Santana Melecio (Nueva),0,148.0,45.6,54.4,31.6,47.4
Cristobal Vicens,1,77.0,57.0,65.0,45.0,63.0
Cruz Rosa Rivas,1,313.0,74.0,88.0,69.0,96.0
Daniel Velez Soto,0,448.0,52.7,57.7,44.0,65.6
Dolores Gomez de Roman,1,180.0,58.0,60.0,56.0,96.0
Domingo Aponte Collazo,0,923.0,55.1,7.1,40.4,56.0
Dr. Cayetano Coll y Toste,0,490.0,94.7,96.6,96.3,99.1
Dr. Francisco Susoni,1,224.0,89.0,96.0,92.0,97.0
Dr. Francisco Vazquez,1,304.0,27.0,1.0,17.0,26.0
Dr. Pedro Albizu Campos,0,230.0,24.7,0.5,25.2,15.2
Easton,1,166.0,61.0,53.0,43.0,67.0
Elba Lugo Carrion,0,345.0,77.8,67.2,81.0,97.4
Elem Bo Higuillar (Ecologica),0,286.0,67.7,59.1,48.8,43.9
Elem Alfonso Lopez Garcia,1,131.0,57.0,53.0,53.0,33.0
Elem Urbana,0,211.0,35.1,41.1,23.2,28.6
Eli Ramos Rosario,0,335.0,58.3,64.7,60.9,74.4
Elisa Davila Vazquez,0,183.0,49.5,59.3,68.1,73.7
Espinosa Kuilan,1,93.0,64.0,76.0,36.0,42.0
Eugenio Maria de Hostos,0,248.0,40.8,22.4,29.1,61.0
Eugenio Maria de Hostos,0,194.0,58.9,70.5,53.7,69.0
Evaristo Camacho,0,134.0,57.3,49.3,24.0,45.8
Factor 5,0,398.0,75.6,82.4,45.5,89.1
Felix Cordova Davila,0,305.0,86.5,81.3,84.8,84.8
Felix Rosario Rios,1,317.0,53.0,38.0,72.0,55.0
Fernando Callejo,0,607.0,27.6,1.9,23.5,29.8
Fernando Suria Chavez,0,619.0,28.4,2.3,35.8,42.4
Francisco Menendez Balbañe,0,135.0,27.3,36.4,39.4,57.9
Francisco Pachin Marin,0,345.0,81.2,77.3,82.5,98.0
Gabriela Mistral,0,169.0,41.0,27.9,49.2,80.0
George Washington,0,177.0,80.7,86.7,83.1,100.0
Hato Viejo Cumbre,0,119.0,47.0,51.5,25.8,100.0
Hector Hernandez Arana,0,396.0,79.6,91.3,84.2,95.7
Ignacio Miranda,0,329.0,91.8,94.6,95.2,63.5
Ileana de Gracia (Superior Nueva),0,499.0,26.8,2.2,30.1,38.2
Imbery,0,290.0,70.7,83.6,70.2,75.7
Jacinto Lopez Martinez,0,315.0,54.5,55.8,55.2,65.7
Jaime Coira Ortiz,0,175.0,60.4,51.4,71.2,81.0
Jesus T Piñero,0,301.0,23.2,1.7,25.2,28.6
Joaquin Rodriguez Ruiz,1,187.0,85.0,85.0,81.0,77.0
John W Harris,0,213.0,68.5,67.3,62.3,91.7
Jose Cordero Rosario,1,204.0,54.0,54.0,38.0,50.0
Jose D Rosado,1,230.0,62.0,53.0,38.0,58.0
Jose Gautier Benitez,1,241.0,88.0,97.0,85.0,92.0
Jose Gualberto Padilla,1,152.0,28.0,2.0,26.0,39.0
Jose Gualberto Padilla,1,242.0,41.0,41.0,15.0,50.0
Jose Pagan de Jesus,0,484.0,35.0,21.8,37.0,32.3
Jose Santos Alegria,0,882.0,28.6,1.8,34.5,30.9
Josefina Linares,0,388.0,39.6,18.7,23.1,52.2
Juan A Corretjer,0,618.0,42.8,13.0,51.1,54.7
Juan A Sanchez Davila,0,204.0,26.6,42.6,9.7,67.7
Juan Alejo Arizmendi,0,383.0,38.3,5.0,35.0,39.0
Juan Ponce de Leon Li,0,608.0,44.7,62.0,49.3,64.7
Juan Quirindongo Morell,0,692.0,46.7,7.4,46.3,45.0
Juanita Ramirez Gonzalez,0,448.0,28.6,43.1,26.9,33.8
Julio Lebron Soto,0,235.0,63.6,52.1,61.2,85.7
Julio Seijo,0,225.0,58.6,54.8,47.0,66.7
Ladislao Martinez,0,619.0,29.0,0.8,35.9,54.3
Laurentino Estrella Colon,1,182.0,46.0,55.0,65.0,65.0
Leonardo Valentin Tirado,0,375.0,43.3,12.2,38.3,39.1
Lino Padron Rivera,0,814.0,38.3,19.1,36.1,62.8
Lorenzo Coballes Gandia,0,438.0,34.1,2.2,26.2,28.4
Luis F Crespo,0,782.0,45.2,34.0,65.4,56.6
Luis Felipe Rodriguez Garcia,0,581.0,65.0,48.6,64.8,57.9
Luis Melendez Rodriguez,0,413.0,41.1,31.8,40.7,52.1
Luis Muñoz Marin,0,317.0,54.5,29.6,56.1,78.6
Luis Muñoz Rivera,0,255.0,68.0,61.6,46.4,100.0
Luis Muñoz Rivera,1,193.0,46.0,45.0,29.0,29.0
Luisa M Valderrama,0,243.0,42.3,60.8,51.5,39.1
Manuel Martinez Davila,0,599.0,26.4,6.0,23.4,19.4
Manuel Negron Collazo I,1,177.0,84.0,64.0,69.0,88.0
Manuel Padilla Davila,1,170.0,47.0,53.0,50.0,68.0
Marcelino Canino Canino,1,278.0,22.0,1.0,10.0,7.0
Maria Cadilla de Martinez,0,561.0,27.1,2.3,38.6,50.4
Micaela Escudero,1,209.0,60.0,63.0,94.0,100.0
Nueva Juan S Marchand,0,347.0,23.8,19.3,25.1,16.8
Nueva Brigida Alvarez Rodriguez,0,440.0,93.1,69.6,91.7,99.0
Nueva Intermedia,0,535.0,32.3,2.4,31.9,39.0
Nueva Urbana de Ciales,0,731.0,27.8,15.2,20.0,28.6
Pedro Amador,0,123.0,63.5,75.0,63.5,60.9
Pesa Parcelas,1,117.0,92.0,92.0,69.0,94.0
Petra Corretjer de O'Neill,0,559.0,43.5,31.6,54.9,60.9
Rafael Hernandez,0,249.0,64.0,73.0,58.6,56.3
Rafael Hernandez,0,301.0,47.8,65.0,46.2,63.6
Ralph W Emerson,0,389.0,86.0,80.0,75.7,82.8
Ramon Avila Molinari,1,187.0,66.0,78.0,56.0,70.0
Ramon de Jesus Sierra,0,571.0,45.1,13.3,37.8,44.1
Ramon Emeterio Betances,0,268.0,65.0,72.0,66.0,57.7
Ricardo Arroyo Laracuente,0,259.0,25.2,2.0,19.6,14.7
Ricardo Rodriguez Torres,0,257.0,70.2,56.1,49.1,38.7
Rosa E Molinari,1,151.0,68.0,68.0,55.0,100.0
Rosa M Rodriguez,1,146.0,56.0,50.0,52.0,74.0
San Vicente,0,287.0,45.0,42.7,24.6,56.9
SU Almirante Norte,0,514.0,42.7,26.0,31.1,31.4
SU Angelica Delgado,0,472.0,50.4,42.5,59.6,60.2
SU Barrio Sabana Hoyos (Nueva),0,529.0,44.3,23.8,32.3,46.0
SU Enrique de Jesus Borras,0,246.0,48.0,41.4,23.0,55.2
SU Federico Degetau,0,630.0,40.1,13.9,31.3,38.1
SU Francisco Felicie Martinez,0,614.0,60.1,39.6,51.0,51.4
SU Francisco Serrano,0,286.0,49.7,30.2,32.0,58.9
SU Honorario Hernandez,0,398.0,35.5,21.1,30.2,38.9
SU Joaquin Vazquez Cruz,0,310.0,62.0,47.0,44.0,58.0
SU Luis Muñoz Rivera,0,735.0,49.0,30.0,51.7,65.8
SU Manuel Ruiz Gandia,0,492.0,41.2,21.2,33.0,37.8
SU Rafael Zamot Cruz,0,281.0,66.7,56.6,69.1,87.7
SU Ramon E Betances,1,273.0,50.0,38.0,49.0,55.0
SU Santiago R Palmer,0,353.0,70.9,76.9,73.0,82.9
SU Toribio Rivera,0,164.0,35.5,25.2,24.3,47.5
SUP Manuel Ramos Hernandez,0,664.0,45.6,28.7,53.1,51.2
Superior Miguel F Santiago Echgaray,0,305.0,47.1,1.4,40.0,58.6
Superior Vocacional,0,1270.0,49.0,11.2,62.9,65.7
Teodomiro Taboas,0,195.0,57.5,67.5,74.1,86.4
Teresa Prestamo,1,205.0,30.0,10.0,23.0,47.0
Timoteo Delgado,0,505.0,44.6,18.8,43.4,70.8
Trina Padilla de Sanz,0,469.0,32.0,5.1,25.3,46.9
Vicente Acevedo Ballester,0,330.0,63.2,68.1,64.3,71.8
Victor Rojas I,0,71.0,9.1,0.0,45.5,63.6
Victor Rojas II,1,216.0,86.0,86.0,94.0,100.0
Abelardo Diaz Alfaro,0,549.0,39.5,38.5,48.6,35.1
Abraham Lincoln,1,341.0,49.0,58.0,37.0,52.0
Adela Rolon Fuentes,0,518.0,31.7,1.0,36.8,42.4
Adolfina Irizarry de Puig,0,574.0,31.4,11.0,22.2,36.2
Alberto Melendez,0,415.0,31.7,7.7,31.1,51.5
Alejandro Jr Cruz,0,119.0,57.5,62.5,36.8,66.7
Altinencia Valle,0,625.0,40.7,28.2,31.9,61.4
Amalia Lopez de Vila,1,149.0,54.0,45.0,31.0,41.0
Andres C Gonzalez,0,253.0,28.4,18.3,11.3,36.5
Angel G Quintero,0,350.0,48.1,36.5,59.9,77.9
Angel Millan Huertas,1,200.0,67.0,62.0,33.0,57.0
Angel Rafael Diaz Colon,0,194.0,83.5,70.6,79.8,95.2
Antonia Saez Irizarry,1,177.0,65.0,73.0,60.0,97.0
Aurelio Perez Martinez,1,171.0,28.0,53.0,26.0,50.0
Barahona (Elemental),0,232.0,42.6,45.7,28.3,44.4
Basilio Milan Hernandez,0,651.0,39.9,2.8,37.3,28.9
Bernarda Robles de Hevia,0,139.0,27.3,58.2,16.4,40.9
Bernardo Huyke,0,340.0,42.4,46.6,29.1,39.5
Braulio Dueño Colon,1,205.0,31.0,29.0,10.0,52.0
Cacique Agüeybana,0,556.0,41.2,1.4,40.6,32.6
Carlos Alverio Pimentel,1,126.0,90.0,94.0,83.0,100.0
Carlos Orama Padilla,0,302.0,27.3,52.1,32.2,35.5
Carmen Barroso Morales,0,227.0,95.7,99.1,61.9,90.6
Carmen Gomez Tejera,0,377.0,36.7,43.5,29.5,37.0
Coleen Vazquez Urrutia,0,367.0,23.8,16.2,12.3,23.5
Cristobal Colon,0,246.0,32.5,46.5,21.9,53.1
Damian Abajo,1,84.0,100.0,100.0,100.0,100.0
Delia Davila de Caban,0,247.0,48.3,50.0,20.0,51.3
Dolores Alvarez,1,256.0,58.0,65.0,48.0,52.0
Don Manolo Rivera,1,176.0,28.0,43.0,31.0,44.0
Dr. Efrain Sanchez Hidalgo,0,315.0,43.9,47.6,35.3,69.6
Dr. Hiram Gonzalez,0,342.0,31.5,36.0,36.2,60.0
Dr. Jose Padin,0,90.0,33.3,66.7,16.7,0.0
Dr. Jose Padin,0,399.0,33.3,20.8,15.1,46.3
Dr. Pedro Albizu Campos,0,703.0,48.3,0.0,48.6,37.4
Dr. Santos J Sepulveda,1,227.0,87.0,83.0,83.0,75.0
Dr. Agustin Stahl,0,574.0,28.7,0.0,39.3,39.6
Dr.Jose Antonio Davila,0,455.0,22.8,1.3,23.5,13.4
Elemental Urbana,0,362.0,37.7,29.2,15.6,23.6
Emilio R Delgado,0,912.0,22.4,0.0,15.5,24.1
Epifanio Fernandez Vanga,0,196.0,55.8,53.5,26.7,53.6
Ernestina Bracero,0,244.0,58.8,42.9,30.3,20.0
Ernesto Juan Fonfrias,1,122.0,72.0,68.0,47.0,79.0
Esperanza Gonzalez,0,194.0,78.2,81.6,39.1,96.7
Faustino Santiago,0,150.0,27.0,28.4,14.9,23.1
Felipa Sanchez Cruzado,1,126.0,15.0,28.0,2.0,70.0
Fidel Lopez Colon,0,489.0,36.9,39.9,23.2,43.6
Francisca Davila Semprit,0,398.0,16.6,13.1,12.4,20.7
Francisco Gaztambide Vega,0,496.0,44.7,0.9,33.3,46.0
Francisco Lopez Cruz,0,353.0,31.0,37.4,20.6,45.7
Franciso Manrique Cabrera,0,522.0,46.9,7.1,33.9,52.3
Francisco Morales,0,563.0,42.8,0.0,27.5,35.8
Francisco Oller,0,678.0,28.3,0.7,17.2,25.3
Francisco Rivera Claudio,0,289.0,38.2,6.9,28.6,32.9
Francisco Roque Muñoz,0,154.0,52.6,67.9,19.3,71.4
Gato I,1,142.0,43.0,7.0,38.0,66.0
Genaro Bou,0,210.0,45.2,48.4,29.0,45.8
Heraclio Rivera Colon,1,178.0,63.0,62.0,57.0,68.0
Herminia Rivera Fernandez,0,326.0,39.9,19.7,28.4,41.8
Ines Maria Mendoza,0,368.0,43.9,38.2,29.9,51.7
Int Bo Quebrada Arenas,0,628.0,67.3,42.1,48.9,71.6
Isaac del Rosario,0,449.0,59.0,67.1,57.1,58.1
Jaime A Collazo del Rio,0,738.0,36.3,3.8,34.4,52.9
Jesus Sanchez Erazo,0,603.0,44.1,4.6,38.3,43.2
John F Kennedy,1,157.0,60.0,62.0,27.0,81.0
Jose A Nieves,1,154.0,94.0,88.0,85.0,96.0
Jose Campeche,0,215.0,57.1,59.0,40.0,58.8
Jose M del Valle,0,375.0,88.8,91.4,84.3,4.8
Jose M Torres,0,188.0,46.4,12.8,16.8,50.0
Jose Nevarez Lopez,0,174.0,50.0,48.6,37.5,16.7
Jose Pablo Morales,0,335.0,28.5,6.1,28.0,20.9
Jose Robles Otero,0,174.0,72.2,76.4,36.1,48.0
Jose Rojas Cortes,0,478.0,57.0,43.9,61.7,80.4
Josefa del Rio Guerrero,0,505.0,52.0,11.0,47.0,48.5
Josefina Marrero Febus,1,119.0,52.0,66.0,23.0,56.0
Josefita Monserrate de Selles,0,249.0,51.6,61.3,39.8,56.8
Juan Morell Campos,0,312.0,38.9,49.3,18.1,49.0
Juan Ramon Jimenez,0,391.0,19.4,2.3,17.3,23.9
Juana G Aviles (Franquez),0,309.0,47.3,54.3,29.5,45.8
Julio Ressy,0,296.0,50.7,53.7,30.9,73.2
Lorencita Ramirez de Arellano,1,153.0,55.0,58.0,54.0,74.0
Ludovico Costoso,0,91.0,70.4,85.2,66.7,70.0
Luis M Santiago,0,411.0,22.1,11.0,14.7,23.6
Luis Pales Matos,0,297.0,39.7,1.4,51.4,42.5
Manuel Alonso Diaz Torres,1,179.0,55.0,49.0,33.0,89.0
Manuel Bou Gali,0,423.0,29.4,2.1,21.7,40.3
Manuel Velilla,0,329.0,46.8,31.2,61.0,61.3
Maria C Osorio,0,581.0,58.5,63.1,42.8,65.1
Maria E Bas de Vazquez,0,344.0,51.5,65.9,22.0,71.2
Maria E Rodriguez,1,283.0,31.0,3.0,25.0,22.0
Maria J Corredor Rivera,0,246.0,56.6,72.9,40.6,63.4
Maria Teresa Piñero,0,420.0,33.0,1.1,33.0,31.8
Maria Vazquez de Umpierre,0,450.0,34.3,22.0,22.7,42.1
Mariano Feliu Balseiro,0,338.0,33.7,1.9,20.5,28.0
Marta Velez de Fajardo,0,663.0,52.5,44.8,55.3,58.4
Martin Garcia Giusti,0,328.0,27.0,0.7,18.7,17.1
Mercedes Garcia de Colorado,0,248.0,23.7,4.6,35.0,31.9
Mercedes Rosado,0,496.0,31.8,4.2,24.7,20.6
Miguel de Cervantes Saavedra,0,551.0,23.1,1.5,30.8,22.3
Miguel Melendez Muñoz,0,619.0,55.6,21.2,64.9,51.7
Nelida Melendez Melendez,0,470.0,69.0,68.6,74.0,56.4
Nicolas Sevilla,0,599.0,29.2,0.0,24.0,45.7
Nueva Escuela Su Antonio Rivera,0,195.0,41.1,24.1,25.5,66.7
Nueva Sup Departamento Vocacional,0,345.0,66.0,41.5,42.5,73.6
Onofre Caralleira,0,236.0,16.0,2.7,7.8,11.9
Pablo Casals,0,482.0,67.6,5.7,65.0,60.9
Papa Juan XXIII,0,467.0,81.3,28.7,80.9,83.5
Pedro Casablanca,0,211.0,12.0,0.0,8.5,20.0
Rafael Colon Salgado,0,481.0,38.7,34.4,31.0,50.5
Rafael Cordero,0,424.0,33.5,38.3,28.3,43.2
Rafael Hernandez,1,242.0,56.0,64.0,37.0,64.0
Ramon Morales Peña,0,418.0,58.1,59.7,68.1,86.8
Ramon Torres Rivera,0,156.0,76.8,87.0,75.4,100.0
Rexville Elemental,0,444.0,54.6,53.0,42.7,65.1
Rexville Intermedia,1,364.0,24.0,2.0,21.0,17.0
Rosa Luz Zayas,0,165.0,59.2,64.8,38.0,80.0
Rosendo Matienzo Cintron,1,265.0,38.0,30.0,23.0,54.0
Ruben Rodriguez Figueroa,0,711.0,65.3,11.0,58.0,59.0
Silvestre Martinez,0,324.0,81.4,89.0,89.0,76.9
Su Adolfo Garcia,0,294.0,30.8,19.0,18.4,37.3
Su Ana Dalila Burgos Ortiz,1,110.0,69.0,69.0,77.0,70.0
Su Bonifacio Alvarado,0,195.0,70.0,62.5,59.2,84.1
Su Botijas I,0,166.0,47.7,50.5,41.3,65.0
Su Cacique Majagua,0,218.0,40.9,21.4,24.0,57.7
Su David Colon Vega,1,225.0,74.0,77.0,90.0,92.0
Su Demetrio Rivera,0,376.0,49.3,41.6,40.3,87.5
Su Jose R Barreras,0,341.0,50.0,18.6,26.2,55.1
Su Julian Marrero,0,442.0,33.1,33.2,34.5,20.0
Su Matrullas,0,144.0,47.5,20.2,59.6,52.8
Su Nicolas Rodriguez,0,388.0,48.8,23.6,28.7,51.7
Su Pedro Fernandez,0,351.0,41.6,15.9,26.8,43.6
Su Sanamuertos,0,233.0,69.3,44.0,62.0,100.0
Tomas C Ongay,0,753.0,35.1,1.5,40.3,33.6
Tomas Maso Rivera Morales,0,547.0,29.3,0.8,28.5,25.0
Vilanta Jimenez,0,369.0,69.1,71.8,69.8,100.0
Virgilio Davila,0,323.0,38.3,42.5,27.7,41.8
Visitacion Pagan,0,221.0,61.3,71.7,61.3,100.0
Abelardo Diaz Morales,0,578.0,37.7,32.1,24.2,44.4
Adalberto Sanchez Morales,0,414.0,72.9,79.3,83.5,94.2
Adela Brenes Texidor,0,363.0,23.0,15.7,28.1,30.2
Agustin Fernandez Colon,1,152.0,56.0,74.0,55.0,80.0
Alfonso Lopez O'Neill,0,148.0,77.9,84.4,81.8,76.0
Amalia H Mangual,1,84.0,79.0,72.0,59.0,91.0
Ana Hernandez Usera,1,150.0,65.0,90.0,69.0,100.0
Ana J Candelas,0,473.0,43.2,6.5,38.8,44.6
Antonio Donminguez Nieves,0,296.0,17.9,1.3,8.6,10.9
Antonio S Pedreira (Pre-Tec),0,432.0,48.7,16.5,31.7,29.5
Benigno Carrion,0,330.0,56.7,80.0,66.1,71.7
Benigno Fernandez Garcia,0,483.0,43.4,9.0,37.3,40.2
Benita Gonzalez Quiñones,0,212.0,28.1,42.7,34.8,54.8
Benjamin Harrison,0,763.0,33.6,1.4,36.8,37.3
Bonifacio Sanchez Jimenez,0,422.0,59.9,29.3,65.3,72.7
Cañabon Abajo,1,90.0,100.0,100.0,100.0,100.0
Carmen D Ortiz Ortiz (Su Sumidero),0,463.0,41.4,22.7,25.4,56.0
Cayetano Sanchez,1,120.0,46.0,49.0,41.0,32.0
Centro Adiestramiento Vocacional,0,128.0,0.0,0.0,0.0,0.0
Charles E Miner,0,238.0,49.5,55.2,19.6,25.0
Cipriano Manrique,0,209.0,86.7,88.8,67.3,93.8
Claudio Ferrer Cotto,0,175.0,37.8,31.7,12.5,67.9
Clemencia Melendez,0,342.0,32.7,20.0,24.2,36.5
Concepcion Mendez Cano,0,209.0,24.4,26.5,13.3,35.5
Consuelo Lopez Benet,1,142.0,90.0,95.0,80.0,100.0
Coqui (Intermedia),0,163.0,41.2,14.5,45.8,35.1
Daniel Diaz Santana (Jaguas),1,119.0,54.0,65.0,27.0,62.0
Diego Vazquez,0,165.0,72.6,82.1,76.8,100.0
Dolores Gonzalez,0,101.0,56.3,79.2,60.4,62.5
Dr Jose N Gandara,0,594.0,53.2,29.8,40.9,69.1
Dr Juan Jose Osuna,0,377.0,21.9,1.4,37.0,22.2
Dr Pedro Albizu Campos,0,430.0,36.3,4.9,26.1,49.2
Dr Rafael Lopez Landron,0,391.0,28.2,1.3,30.8,25.3
Dr Ramon Emeterio Betances,0,500.0,40.1,26.5,31.9,41.2
Dra Carmendelia Colon Martinez,0,393.0,50.9,46.8,62.0,69.6
Dra Conchita Cuevas,0,549.0,29.4,6.9,40.6,55.0
Dra Maria Socorro Lacor,0,1152.0,43.5,25.1,61.5,61.6
Educacion Bilingue Luis Muñoz Iglesias,0,402.0,84.4,94.5,96.0,93.8
El Farallon,0,178.0,60.9,54.7,26.6,81.8
Eloisa Pascual,0,490.0,38.1,0.0,44.8,40.6
Emerita Leon Elemental,0,326.0,60.0,61.3,48.7,67.3
Ernesto Vicente Carattini,0,216.0,53.8,43.8,33.1,57.5
Esc Especializada de Beisball-Manuel Cruz Maceira,0,95.0,23.1,58.3,8.3,33.3
Especializada de Bellas Artes,0,252.0,83.5,20.2,72.5,74.4
Eugenio Guera Cruz,0,324.0,48.3,3.4,46.6,53.5
Federico Degetau,0,420.0,50.2,28.9,36.8,59.8
Federico Degetau II,0,329.0,44.2,51.3,39.2,47.7
Felipe Rivera Centeno,0,449.0,41.1,2.5,32.0,28.8
Felix Garay Ortiz,0,195.0,92.6,96.3,95.1,66.7
Felix Lucas Benet,1,101.0,39.0,49.0,32.0,14.0
Francisco Garcia Boyrie,0,387.0,24.4,8.5,20.8,29.6
Francisco Mariano Quiñones,1,159.0,81.0,80.0,61.0,76.0
Francisco Valdes Rola,0,145.0,62.3,47.5,23.0,92.0
Genaro Cautiño,0,365.0,87.1,67.9,88.0,96.4
Gerardo Selles Sola,0,318.0,76.7,9.5,68.6,60.6
Guillermo Gonzalez,1,121.0,53.0,77.0,68.0,100.0
Hato Nuevo,1,213.0,62.0,77.0,62.0,53.0
Haydee Caballero,0,336.0,20.6,2.9,21.5,29.1
Herminio Sierra,1,79.0,100.0,100.0,88.0,100.0
Ines Maria Mendoza,0,239.0,83.8,63.3,48.5,73.5
Ines Maria Mendoza,0,221.0,57.6,60.6,42.4,60.0
Inocencio Cintron Zayas,0,127.0,96.7,93.3,93.3,95.2
Intermedia Bo Quebradillas,0,329.0,61.4,37.7,66.0,77.5
Jardines de Caguas,1,54.0,60.0,80.0,20.0,20.0
Jesus T Piñero,0,118.0,37.5,57.4,25.0,66.7
Jesus T Piñero,0,447.0,76.3,72.8,68.1,90.3
John F Kennedy,1,193.0,37.0,11.0,27.0,46.0
Jorge Washington II,1,184.0,78.0,90.0,90.0,100.0
Jose Colon Gonzalez,0,396.0,90.5,82.6,95.8,96.8
Jose de Choudens,1,357.0,87.0,98.0,96.0,95.0
Jose Gautier Benitez,0,491.0,25.9,0.0,29.1,32.5
Jose Gualberto Padilla,1,53.0,95.0,95.0,100.0,100.0
Jose Horacio Cora,0,292.0,33.2,5.0,29.1,53.1
Jose M Massari,0,217.0,36.9,15.9,30.1,39.6
Jose Mercado,0,215.0,76.3,42.1,77.2,87.8
Jose Muñoz Vazquez,1,110.0,56.0,53.0,31.0,43.0
Jose Padin,0,137.0,97.1,98.6,92.9,100.0
Juan Navarro,1,108.0,58.0,38.0,56.0,100.0
Juana Colon,0,488.0,36.2,10.0,4.6,44.1
Justina Vazquez Mendoza,0,216.0,64.3,67.0,52.9,73.0
La Vega (Stephen S Huse),1,112.0,76.0,92.0,79.0,100.0
Las Mareas,0,132.0,44.6,48.2,57.1,70.8
Luis A Rivera,1,268.0,26.0,1.0,22.0,29.0
Luis Muñoz Grillo,1,159.0,51.0,66.0,46.0,65.0
Luis Muñoz Marin,1,155.0,45.0,58.0,42.0,50.0
Luis Muñoz Marin,0,321.0,26.1,27.7,17.6,22.0
Luis Muñoz Marin,0,243.0,599.0,35.7,27.4,32.8
Luis Muñoz Marin,0,567.0,66.1,51.3,77.4,77.4
Luis Muñoz Rivera,0,282.0,51.5,64.9,29.9,47.4
Luis Ramos Gonzalez,0,339.0,22.4,3.3,28.5,33.3
Luis T Baliñas,1,282.0,23.0,19.0,8.0,28.0
Manuela Toro Morice,0,951.0,30.6,0.9,34.6,37.0
Marcela Garcia Cora,1,106.0,86.0,86.0,69.0,95.0
Margarita Rivera de Janer,0,493.0,40.0,53.6,43.5,623.0
Matias Gonzales Garcia,0,492.0,32.8,4.0,22.1,17.8
Miguel Melendez Muñoz,1,281.0,56.0,68.0,46.0,95.0
Miguel Melendez Muñoz,0,738.0,46.5,38.5,66.0,69.5
Myna M Fuentes,0,216.0,57.8,60.0,38.2,60.7
Nicolas Aguayo Aldea,0,371.0,32.9,22.0,21.5,40.3
Oscar Hernandez Guevara,0,311.0,55.6,65.8,18.8,43.6
Oscar L Bunker,1,273.0,54.0,55.0,51.0,54.0
Pablo Colon Berdecia,0,616.0,47.6,10.5,52.0,66.4
Pablo Fuentes Rivera,1,97.0,92.0,95.0,81.0,100.0
Paula Mojica,0,162.0,42.6,54.1,36.1,66.7
Pedro Millan Rivera,0,289.0,70.7,68.0,55.1,62.0
Pedro Soto Rivera,1,81.0,96.0,93.0,96.0,100.0
Pepita Arenas,0,315.0,35.6,42.2,22.2,88.1
Pepita Garriga,0,264.0,79.1,84.3,81.7,76.2
Petroamerica Pagan,0,352.0,85.0,77.3,85.5,88.7
Piñas Arriba,1,99.0,66.0,54.0,50.0,75.0
Rabanal,0,268.0,58.6,71.0,49.7,100.0
Rafael Antonio Delgado Mateo,0,228.0,22.5,39.3,25.8,52.4
Rafael Esparra Cartagena,1,67.0,84.0,100.0,97.0,100.0
Rafael Pont Flores,0,448.0,68.6,48.2,74.6,78.6
Ramon Luis Rivera,1,74.0,100.0,97.0,97.0,100.0
Regino Vega Martinez,0,368.0,35.6,39.7,40.4,31.0
Republica de Costa Rica,0,763.0,51.9,1.1,56.1,64.7
Rexford Guy Tugwell,1,117.0,77.0,82.0,68.0,63.0
Roman Baldorioty de Castro,1,218.0,63.0,69.0,68.0,67.0
Rosa C Benitez,0,403.0,85.3,84.7,68.5,96.6
Ruth Evelyn Cruz Santos,0,750.0,56.4,4.0,54.4,69.9
Salvador Brau Elemental,0,279.0,51.1,54.7,25.5,61.0
Salvador Rodriguez,1,72.0,81.0,54.0,27.0,91.0
Simon Madera,0,337.0,56.4,42.6,72.9,70.4
Sinforoso Aponte,1,170.0,94.0,94.0,80.0,88.0
Stella Marquez,0,365.0,37.9,13.6,54.5,59.1
Su Bayamoncito,0,324.0,50.5,32.7,46.1,63.0
Su Carmen Zenaida Vega (La Plata),0,185.0,47.8,43.5,40.0,44.4
Su Certenejas II,0,399.0,50.2,22.9,43.0,39.0
Su Eugenio Maria de Hostos,0,137.0,36.7,36.7,53.1,42.1
Su Gerardo Selles Sola,0,318.0,55.4,31.7,37.6,52.0
Su Helechal,1,176.0,26.0,17.0,32.0,78.0
Su Jose Celso Barbosa,0,500.0,67.1,58.6,64.4,85.3
Su Josefina Sitiriche,0,305.0,28.6,26.1,21.1,47.1
Su Juan Alemañy Silva,0,270.0,54.5,32.9,44.0,52.9
Su Juan Stubbe,0,390.0,49.8,51.1,37.4,50.0
Su La Loma (Anto nio Vazquez Ramos),0,185.0,95.5,93.8,94.6,93.0
Su Lajitas (Ramon T Rivera),0,218.0,56.8,37.7,62.3,92.2
Su Maria C Santiago,0,311.0,35.7,19.6,16.7,31.9
Su Mercedes Palma,1,130.0,41.0,20.0,26.0,42.0
Su Oscar Porrata Doria,0,197.0,85.7,73.3,92.4,100.0
Su Pasto,0,370.0,51.6,43.7,48.9,84.9
Su Pedro Diaz Fonseca,1,122.0,28.0,19.0,21.0,34.0
Su Pedro M Dominicci,1,311.0,47.0,37.0,41.0,56.0
Su Ramon Alejandro Ayala,0,382.0,41.9,33.7,35.7,79.5
Su Sabana Llana,0,280.0,21.6,3.2,25.9,25.3
Su Sandalio Marcano,0,171.0,51.6,29.0,38.7,64.3
Su Urbana Salinas,0,291.0,28.6,1.9,25.8,21.5
Su Vidal Serrano,0,232.0,42.8,33.8,25.2,76.9
Superior Urbana,0,501.0,32.4,2.8,56.1,37.4
Superior Urbana,0,955.0,40.5,2.2,40.7,50.7
Superior Urbana Nueva,0,603.0,30.7,23.2,35.3,31.1
Superior Vocacional Nueva,0,314.0,46.5,25.6,32.3,58.1
Vicente pales Anes,0,123.0,24.2,22.7,13.6,68.2
Victoria Santiago,1,100.0,90.0,98.0,98.0,100.0
Villa Marina,0,285.0,68.0,73.6,53.6,77.3
Violeta Reyes Perez,0,600.0,52.0,45.6,47.4,47.9
Virginia Vazquez Mendoza,0,189.0,93.5,97.4,65.8,100.0
Washington I,0,286.0,60.4,65.7,42.5,61.0
Woodrow Wilson,1,76.0,31.0,35.0,46.0,50.0
20 de Septiembre de 1988,0,231.0,21.0,3.6,16.4,16.4
Adrianne Serrano,0,108.0,14.8,16.1,21.0,8.7
Alfonso Casta Martinez,0,335.0,27.2,0.0,17.3,29.6
Alfonso Diaz Lebron,0,219.0,32.2,3.8,28.0,13.5
Ana Delia Flores Santana Voc,0,938.0,36.7,0.0,54.8,49.3
Ana Roque de Duprey,0,592.0,37.4,0.8,35.1,50.4
Antera Rosado Fuentes,0,474.0,72.2,82.0,67.0,80.3
Antonio Fernos Isern,0,588.0,64.1,8.5,70.4,68.3
Antonio R Barcelo,0,527.0,28.3,13.4,18.8,17.4
Antonio Rosa Guzman (Nueva),0,283.0,54.4,64.0,50.0,60.0
Antonio Valero Bernabe,0,368.0,17.9,1.2,15.7,16.0
Avelino Peña Reyes,0,77.0,37.5,43.8,33.3,55.6
Belen Blanco de Zequeira,0,178.0,22.4,6.8,11.6,18.8
Berta Zalduondo,0,434.0,58.7,70.1,78.8,68.5
Braulio Ayala Perez,0,183.0,83.0,88.3,58.9,68.2
Calzada,1,134.0,29.0,31.0,29.0,33.0
Camilo Valles Matienzo,0,409.0,82.1,86.4,88.0,77.6
Candido Berrios,0,406.0,46.3,38.0,38.5,61.3
Carlos Escobar Lopez,1,191.0,10.0,38.0,7.0,33.0
Carlos Rivera Ufret,0,247.0,14.2,0.7,14.1,20.9
Carmen Arzuaga de Rivera,0,310.0,54.5,57.1,55.6,33.3
Carmen Benitez,0,288.0,48.1,41.0,21.8,54.2
Carmen Feliciano Carrera,0,347.0,35.3,5.8,36.3,28.6
Carmen Pilar Santos,0,222.0,23.7,23.7,11.8,34.3
Casiano Cepeda (Intermedia),0,295.0,29.6,1.5,18.8,37.2
Cecilio Lebron Ramos,0,309.0,50.7,56.0,35.1,76.6
Celso Gonzalez Vaillant,0,323.0,51.6,59.5,61.1,46.7
Cristobal del Campo,0,264.0,32.5,29.8,17.9,43.6
Croec-Centro Residencial de Oportunidades,0,244.0,98.3,58.6,93.1,98.3
Desiderio Mendez Rodriguez (Maizales),1,108.0,55.0,66.0,48.0,44.0
Domingo Nieves Ortiz (Palma Sola),1,168.0,74.0,88.0,72.0,100.0
Don Luis Muñoz Marin,0,357.0,30.6,31.8,30.8,32.0
Dr Pedro Albizu Campos,0,251.0,37.2,33.6,23.0,46.9
Dr Santiago Veve Calzada,0,405.0,6.1,0.0,13.8,20.8
Dra Maria T Delgado de Marcano,0,561.0,43.2,23.1,35.3,41.0
Ecologica de Culebra,0,173.0,26.9,25.4,31.3,16.0
Edmundo del Valle Cruz,0,374.0,61.5,65.8,83.1,88.9
Eduardo Garcia Carrillo,0,239.0,29.5,2.3,20.5,43.3
Elemental Barrio las 400,0,233.0,40.8,25.5,41.8,40.0
Escuela de Bellas Artes,0,494.0,83.0,21.6,92.2,84.7
Eugenio Brac,0,298.0,55.8,56.9,45.3,58.3
Eugenio Maria de Hostos,1,169.0,62.0,68.0,38.0,65.0
Feliz Sanchez Cruz,0,340.0,48.5,48.5,41.0,48.3
Fermin Delgado Diaz,0,297.0,45.4,19.1,22.7,45.5
Fidelina Melendez Monsanto,0,339.0,64.3,24.0,59.7,54.0
Florencia Garcia,0,547.0,26.6,1.9,30.6,35.5
Francisco Torres,1,249.0,46.0,43.0,26.0,58.0
Fulgencio Piñero Rodriguez,1,336.0,22.0,31.0,15.0,36.0
Gabino Soto,0,215.0,44.1,54.7,34.7,76.2
Generoso Morales Muñoz,0,388.0,30.1,2.0,24.2,28.1
Georgina Baquero,0,305.0,27.9,1.3,22.4,15.5
German Rieckehoff,0,263.0,26.7,0.0,24.6,13.1
Guillermo Riefkhol,0,126.0,62.5,65.0,37.5,90.9
Guillermina Rosado de Ayala,0,509.0,43.9,34.6,36.0,26.0
Ines Encarnacion,0,156.0,60.5,71.1,47.4,63.6
Intermedia Nueva,0,319.0,24.1,2.2,27.3,21.7
Isabel Flores,0,512.0,32.4,0.0,27.8,27.1
Jaime C Rodriguez,0,203.0,53.6,59.4,17.6,40.0
Jobos,0,105.0,45.2,40.0,33.3,84.6
Jorge Rosario del Valle,0,337.0,31.1,16.0,21.6,17.2
Jose F. Cintron y Anexo,0,123.0,31.5,51.9,25.9,47.6
Jose A Lopez Castro,0,242.0,27.6,2.7,17.8,29.7
Jose A Calzada Ferrer,0,298.0,21.1,13.1,14.6,34.3
Jose Campeche,0,631.0,29.3,0.7,25.2,25.9
Jose Collazo Colon,0,615.0,56.3,8.6,46.9,64.8
Jose de Diego,0,227.0,51.7,62.1,43.7,63.9
Jose R Agosto,1,197.0,100.0,100.0,100.0,100.0
Jose Santos Quiñones,0,255.0,21.8,0.5,5.3,15.9
Josefina Ferrero,0,379.0,38.0,10.0,34.3,38.3
Josefina Muñoz de Bernier,0,270.0,44.6,22.5,40.9,54.3
Juan A Sachez,0,263.0,78.0,83.5,86.6,88.2
Juan B Huyke,1,161.0,34.0,35.0,31.0,43.0
Juan Jose Maunez,0,484.0,33.0,1.9,43.4,36.8
Juan Ponce de Leon,0,361.0,58.0,6.0,64.3,50.0
Juana Rodriguez Mundo,0,287.0,54.7,74.4,45.9,78.6
Julia de Burgos,1,148.0,67.0,58.0,31.0,41.0
La Fermina,0,294.0,99.3,99.3,97.6,100.0
Leonicio Melendez,0,340.0,29.2,5.4,21.0,17.9
Liberata Iraldo (Nueva),0,522.0,31.5,14.4,30.3,26.4
Lidia Fiol Scarano,0,309.0,78.3,86.1,73.5,95.6
Luis Hernaiz Veronne,0,495.0,26.6,6.4,19.2,40.8
Luis Muñoz Marin,0,189.0,25.3,5.1,18.2,28.8
Luis Muñoz Rivera,0,482.0,37.1,50.2,21.4,33.9
Luis Muñoz Rivera,0,159.0,47.2,52.8,37.5,46.2
Lutgarda Rivera Reyes,0,222.0,43.1,41.1,40.7,69.4
Luz A Cruz de Santana,0,298.0,75.3,71.3,64.0,69.0
Manuel Ortiz Suya,0,124.0,38.0,56.0,46.0,53.3
Manuel Surillo,1,193.0,26.0,36.0,9.0,30.0
Maria Cruz Buitrago,1,189.0,26.0,2.0,21.0,19.0
Maria Davila Semidey,0,210.0,72.7,78.5,90.1,97.1
Maria I Dones,0,67.0,50.0,63.3,36.7,66.7
Maria M Simmons de Rivera,0,259.0,24.0,35.0,12.0,18.4
Maria Milagros Ortiz Garcia,1,140.0,48.0,67.0,78.0,73.0
Marin Abajo,1,79.0,29.0,54.0,15.0,29.0
Marta Sanchez,0,125.0,51.1,44.4,51.1,60.0
Matias Rivera,1,271.0,65.0,73.0,82.0,74.0
Mediania Alta Elemental,0,678.0,31.9,25.9,23.2,43.0
Nueva Superior de Loiza,0,552.0,30.2,0.7,23.0,32.6
Parcelas Aguas Claras,1,213.0,25.0,32.0,29.0,82.0
Parcelas Vieques,1,145.0,42.0,40.0,37.0,35.0
Pedro Bosch,0,306.0,38.8,25.0,22.6,46.2
Pedro Falu Orellano,0,752.0,37.3,0.7,34.6,28.8
Pedro Gutierrez,1,208.0,73.0,73.0,51.0,69.0
Pedro Rosario Nieves,1,206.0,56.0,54.0,53.0,74.0
Pepita Lopez,1,158.0,85.0,85.0,76.0,100.0
Petra Mercado Bougart,0,709.0,54.7,11.6,63.0,51.7
Playa Grande,0,278.0,18.2,15.3,8.2,5.7
Pre-Vocacional Casiano Cepeda,0,52.0,20.0,0.0,0.0,10.0
Quebrada Grande,0,141.0,87.7,89.5,71.9,100.0
Quebrada Honda,1,214.0,61.0,39.0,35.0,61.0
Rafael de Jesus,0,358.0,44.8,39.8,50.3,45.6
Rafael N Coca,0,432.0,30.2,0.8,27.4,14.3
Rafael Rexach Dueño,0,329.0,82.8,96.7,72.2,83.3
Rafalina E Lebron Flores,0,452.0,48.5,8.7,42.7,56.4
Ramon Power y Giralt,0,749.0,42.9,11.3,47.5,55.9
Ramon Quiñones Medina,0,625.0,33.1,4.2,33.8,35.7
Ramon Quiñones Pacheco,0,275.0,78.0,78.8,62.1,76.9
Roberto Silva Morales,0,393.0,49.7,56.6,23.5,69.4
Rosa Bernard,1,239.0,28.0,32.0,17.0,23.0
Rosa Costa Valdivieso,0,252.0,37.7,13.1,27.5,32.9
Rosa Pascuala Paris,0,217.0,66.7,72.1,75.7,54.8
Rosa Sanchez Vargas,1,121.0,41.0,45.0,27.0,43.0
Rosendo Matienzo Cintron,1,123.0,77.0,45.0,70.0,100.0
Rufino Vigo,0,286.0,49.0,68.1,46.9,65.1
Santiago Iglesias Pantin,0,436.0,22.6,12.0,40.4,32.2
Santiago Torres,0,343.0,37.6,2.6,29.6,13.7
Su Agapito Lopez Flores,0,361.0,24.9,11.0,21.6,31.1
Su Andres Sandin,0,357.0,41.5,18.7,28.5,39.2
Su Asuncion Lugo,0,220.0,45.8,25.4,24.8,54.4
Su Carlos Zayas,0,269.0,39.3,22.7,33.1,22.7
Su Clara M Aramburu,0,484.0,33.5,13.8,33.3,37.5
Su Higinio Figueroa Villegas,0,365.0,45.8,18.5,27.3,48.1
Su Jagual Adentro,0,260.0,47.4,25.3,22.0,54.0
Su Jesus T Sanabria Cruz,0,363.0,63.9,47.8,55.2,65.3
Su Joaquin Padilla,0,224.0,47.6,53.1,72.9,80.0
Su Jose Toro Rios,1,220.0,41.0,26.0,42.0,59.0
Su Luciano Rios,1,275.0,14.0,6.0,14.0,16.0
Su Manuel Ortiz,0,128.0,67.7,46.8,66.1,100.0
Su Marcos Sanchez,1,94.0,12.0,12.0,3.0,14.0
Su Nueva Bo Mediania,0,356.0,21.1,11.7,11.0,12.1
Su Pedro Rivera Molina,0,682.0,36.1,31.7,37.4,47.6
Su Rogelio Rosado,0,260.0,31.2,12.7,28.0,33.3
Su Sabana (Su Alejandrina Rios),0,241.0,66.0,65.1,45.3,48.4
Su Silverio Garcia,0,301.0,16.4,13.5,15.0,20.7
Sup Voc Manuel Mediavilla,0,587.0,23.0,0.8,28.0,23.4
Superior Isidro A Sanchez,0,778.0,31.8,3.3,38.1,35.1
Teodoro Aguilar Mora,0,470.0,25.3,0.0,31.6,30.8
Tomas Vera Ayala,1,58.0,37.0,38.0,10.0,25.0
Voc William Rivera Betancourt,0,458.0,44.2,1.0,45.2,51.0
Wilfredo Lafuente Ortiz,0,283.0,19.7,6.1,8.4,31.4
Adolfo Babilonia,0,325.0,71.5,70.6,79.2,91.1
Aibonito Beltran,1,104.0,49.0,77.0,60.0,69.0
Alejandro Tapia y Rivera,1,98.0,69.0,95.0,72.0,100.0
Amino Tio de Malaret,1,138.0,96.0,99.0,78.0,100.0
Ana M Javariz,0,215.0,88.9,84.8,76.8,83.3
Angel Gelo Morales Morales,1,117.0,57.0,60.0,46.0,50.0
Angel Guerrero Lugo,1,95.0,80.0,71.0,78.0,100.0
Anselmo Villarubia,0,303.0,54.7,66.4,62.0,56.5
Antonia Martinez,1,131.0,61.0,68.0,50.0,52.0
Antonio Badillo Hernandez,0,327.0,27.4,24.1,37.2,30.5
Antonio Geigel Paredes,0,264.0,52.6,53.3,50.4,54.9
Antonio Gonzalez Suarez,0,290.0,54.6,52.5,70.3,69.4
Antonio S Pedreira,1,595.0,34.0,7.0,48.0,28.0
Aquilino Caban,0,501.0,46.3,21.5,55.9,48.5
Aurea Fuentes Mendez,0,116.0,35.9,39.1,23.4,53.6
Aurora Mendez Charneco,0,333.0,33.9,39.7,22.4,32.4
Barriada Caban,1,142.0,66.0,69.0,42.0,61.0
Bartolome de las Casas,0,187.0,71.3,69.1,68.1,86.2
Benito Cerezo Vazquez,0,435.0,35.2,11.1,60.0,61.5
Blanca Malaret,0,388.0,57.8,54.3,61.0,91.3
Bryan,0,71.0,71.4,54.8,57.1,71.4
Carmen Borras Battistini,1,96.0,89.0,96.0,98.0,100.0
Carmen Casasus Martin,0,324.0,69.7,72.1,65.7,71.7
Castillo,1,101.0,84.0,76.0,87.0,100.0
Centro Vocacional Especial,0,126.0,33.3,10.0,15.0,25.0
Cerro Gordo Medina,0,169.0,82.1,93.6,89.6,91.3
Conrado Rodriguez ,0,192.0,67.8,70.1,62.1,73.3
Cuchillas,0,236.0,100.0,85.7,100.0,100.0
Cuesta de Piedras,1,186.0,53.0,50.0,50.0,100.0
David G Farragut,1,187.0,91.0,96.0,93.0,83.0
Dr Agustin Stahl,1,124.0,44.0,44.0,25.0,7.0
Dr Carlos Gonzales,0,832.0,62.3,42.5,75.5,67.5
Dr Efrain Sanchez Hidalgo,0,351.0,20.7,3.4,27.6,34.5
Dr Heriberto Domenech,0,748.0,34.3,3.6,34.1,37.0
Dr Jose Celso Barbosa,1,145.0,85.0,100.0,77.0,85.0
Dr Pedro Perea Fajardo,0,956.0,27.5,1.3,22.0,44.1
Dr Silverio Medina Gaud,0,95.0,39.6,45.8,16.7,57.1
Eladio J Vega,1,110.0,79.0,88.0,85.0,79.0
Eladio Tirado Lopez,0,279.0,40.7,3.7,50.9,45.3
Elemental Urbana Nueva,0,445.0,50.2,68.7,40.1,41.0
Elpidio H Rivera,0,358.0,32.6,9.9,28.4,21.9
Epifanio Estrada,0,199.0,70.2,83.3,79.8,75.9
Ernestina Mendez,0,655.0,37.6,14.6,36.1,41.2
Escuela Elemental Nueva,0,323.0,62.9,81.1,74.2,80.7
Escuela Especializada Alcides Figueroa,0,332.0,68.2,25.3,90.9,79.4
Espino,0,255.0,61.6,72.3,28.6,38.6
Esteban Rosado Baez,0,277.0,32.2,34.7,51.0,52.8
Ester Feliciano Mendoza,0,416.0,26.7,8.7,33.2,20.8
Eugenio Maria de Hostos (Intermedia),0,179.0,43.0,30.7,30.2,51.2
Eugenio Maria de Hostos (Superior),0,892.0,45.0,5.1,39.4,49.5
Eva y Patria Custodio,0,301.0,57.8,35.9,56.3,73.4
Francisco Mendoza,0,868.0,56.2,11.2,59.6,55.4
Franklin D Roosevelt,1,158.0,21.0,33.0,20.0,57.0
Genoveva Perez,1,102.0,70.0,84.0,80.0,87.0
Georgina Alvarado,0,137.0,100.0,100.0,100.0,100.0
Gloria Gonzalez,1,114.0,87.0,87.0,91.0,89.0
Henry W Longfellow,0,358.0,91.9,90.2,85.5,92.6
Herminia C Ramirez,0,157.0,92.1,97.4,90.8,89.3
Homero Rivera Sola,0,153.0,56.7,85.1,64.2,73.7
Indiera Fria,0,83.0,88.2,79.4,76.5,83.3
Ines Maria Mendoza,0,595.0,40.9,0.0,44.9,46.5
Irma Deliz de Muñoz,0,539.0,31.5,4.1,38.0,33.7
Isabel Suarez,0,466.0,29.7,3.4,26.1,45.1
James Garfield,0,257.0,77.4,82.7,84.2,92.7
Jorge Seda Crespo,1,166.0,32.0,8.0,38.0,23.0
Jose A Castillo,1,298.0,97.0,99.0,97.0,77.0
Jose Acevedo Alvarez,1,97.0,70.0,54.0,57.0,64.0
Jose C Rosario,0,627.0,36.4,15.1,34.2,32.8
Jose de Diego,1,120.0,89.0,94.0,100.0,91.0
Jose de Diego,0,242.0,20.9,4.3,16.7,36.8
Jose Gautier Benitez,0,359.0,48.3,40.9,51.1,55.9
Jose Gonzalez Ruiz,0,146.0,92.2,96.1,100.0,100.0
Jose Julian Acosta,1,135.0,72.0,84.0,48.0,88.0
Jose R Gaztambide,0,166.0,67.1,78.9,57.9,100.0
Juan de Dios Quiñones,0,289.0,61.8,56.1,53.5,40.7
Juan I Vega,1,193.0,87.0,71.0,65.0,86.0
Juan Lino Santiago,0,601.0,67.6,73.6,77.5,74.7
Juan Perez Pelegrina (Nueva),0,715.0,50.0,12.1,70.0,66.4
Julio V Guzman,0,436.0,37.5,4.4,32.1,34.6
La Carmen,0,124.0,42.4,65.5,62.1,47.6
Laura Mercado,0,348.0,41.4,18.2,31.5,47.4
Laurentino Nieves Velez,1,93.0,78.0,85.0,73.0,89.0
Leonides Morales Rodriguez,0,840.0,38.9,12.5,42.3,39.8
Lola Rodriguez de Tio,0,673.0,47.6,5.6,36.8,56.3
Lucia Cubrero,1,147.0,89.0,86.0,91.0,100.0
Luis Muñoz Marin,0,462.0,65.7,19.2,68.7,74.7
Luis Muñoz Rivera,0,206.0,49.3,55.5,35.8,51.1
Luis Muñoz Rivera,0,466.0,33.3,3.6,30.5,28.9
Luis Muñoz Rivera,0,263.0,38.9,53.7,49.0,62.2
Luis Negron Lopez,0,719.0,42.0,2.5,43.9,43.3
Lydia Melendez,0,253.0,37.9,35.0,31.4,48.8
Manuel A Barreto,0,235.0,23.1,5.2,22.2,24.5
Manuel Corchado y Juarbe,1,187.0,57.0,72.0,74.0,97.0
Manuel Garcia Perez (Nueva),0,407.0,31.3,1.0,60.4,41.1
Manuel Gonzalez Melo,0,428.0,43.9,51.0,63.5,67.0
Manuel Mendez Liciaga,0,909.0,45.4,28.3,61.7,61.0
Marcelino Rodriguez,0,280.0,27.1,10.4,31.7,32.3
Maria Dolores Faria,0,184.0,10.8,7.6,8.9,16.7
Maria Luisa Arcelay,0,113.0,75.9,75.5,86.8,84.2
Mariana Bracetti,1,117.0,98.0,98.0,66.0,100.0
Mariano Abril,0,124.0,60.7,65.6,60.7,84.2
Mariano Riera Palmer,0,257.0,45.5,57.9,55.9,76.5
Mario Pagan Irizarry,1,138.0,91.0,100.0,93.0,92.0
Mateo Hernandez,0,222.0,36.1,49.0,30.8,52.8
Miguel A Rivera,1,164.0,34.0,28.0,24.0,26.0
Monserrate Leon Irizarry,0,494.0,41.5,12.3,46.2,47.6
Nicandro Garcia,1,184.0,76.0,87.0,73.0,93.0
Nueva Caferina Cordero,0,295.0,47.6,53.5,34.0,52.6
Olga Mas Ramirez,0,223.0,41.9,43.5,22.6,66.7
Pablo Cardona,1,174.0,38.0,41.0,26.0,56.0
Padre Pablo Gutierrez,1,145.0,80.0,86.0,81.0,89.0
Parcelas Maria,1,215.0,53.0,64.0,36.0,64.0
Patria Latorre,0,894.0,70.6,38.5,75.5,70.9
Pedro Nelson Colberg,0,332.0,31.3,5.5,32.2,23.2
Profesora Juana Rosario Carrero,0,491.0,45.4,7.5,49.6,44.4
Rafael Cordero,1,125.0,52.0,55.0,49.0,63.0
Rafel Cordero Molina,1,188.0,45.0,52.0,41.0,59.0
Rafael Fabian,1,165.0,53.0,72.0,44.0,53.0
Rafael Hernandez,1,166.0,49.0,48.0,30.0,70.0
Rafael Martinez Nadal,0,207.0,49.4,47.7,54.0,78.1
Ramon E Rodriguez Diaz,0,444.0,47.3,10.9,39.6,42.1
Ramon Maria Torres,0,301.0,69.5,71.3,56.7,89.4
Ramon Olivares,0,175.0,85.3,94.6,70.3,100.0
Raul Ybarra,0,241.0,31.8,22.5,27.2,41.2
Rio Cañas Abajo,0,288.0,32.2,18.4,20.1,39.8
Rosendo Matienzo Cintron,0,118.0,83.3,84.8,83.3,95.0
Salvador Fuentes,0,288.0,26.0,2.0,46.0,40.0
Sebastian Pabon Alves (Corozo),0,179.0,51.3,40.3,47.1,51.1
Segunda Unidad Bo Puerto Real,0,373.0,36.4,17.8,43.5,49.3
Segundo Ruiz Belvis,0,712.0,54.0,7.4,60.7,55.8
Segundo Ruiz Belvis,0,222.0,36.4,32.7,26.2,55.2
Severo E Colberg Ramirez,0,481.0,41.9,47.5,26.7,65.8
Su Alfredo Dorrington,0,407.0,36.0,25.6,31.2,37.9
Su Antonio Acaron Correa,0,349.0,62.7,48.2,58.4,63.0
Su Aristides Maisonave,1,123.0,77.0,86.0,69.0,86.0
Su Bernaldo Mendez Jimenez,0,361.0,35.1,15.1,32.9,40.2
Su Carmelo Serrano Cubano,0,372.0,48.4,29.4,43.2,57.4
Su Carmen Virgnals Rosario,0,289.0,38.2,22.2,33.8,46.0
Su Conchita Iguartua de Suarez,0,768.0,51.5,37.0,57.4,81.2
Su David Antongiorgi Cordova,0,502.0,64.1,45.1,72.1,94.2
Su Epifanio Estrada,0,664.0,58.7,32.8,67.1,56.7
Su Federico Degetau,0,255.0,54.9,30.0,38.6,56.1
Su Felisa Rincon de Gauthier,1,97.0,51.0,67.0,66.0,96.0
Su Francisco Maria Quiñones,0,230.0,47.8,21.3,29.2,56.5
Su Francisco Vicenty,1,60.0,43.0,32.0,46.0,79.0
Su Galo Rosado,1,199.0,59.0,31.0,40.0,64.0
Su Jose A Vargas,0,241.0,45.7,21.7,33.1,37.0
Su Juan B Soto,0,260.0,56.3,49.5,71.1,76.0
Su Juan Cancio Ortiz de la Renta,0,448.0,20.8,22.1,30.4,19.6
Su Lauro Gonzales Hijo,0,200.0,50.8,37.7,37.7,63.4
Su Maximino a Salas,0,319.0,40.6,23.1,38.8,55.0
Superior Catalina Morales Flores,0,827.0,50.9,24.9,66.5,61.3
Superior Nueva,0,212.0,38.3,27.7,25.5,46.8
Theodore Rosevelt,1,233.0,36.0,48.0,46.0,42.0
Tomas Vera Ayala,0,166.0,87.5,86.1,81.9,94.4
(Croev)Especializada en Ciencias y Matematicas),0,225.0,100.0,83.3,95.8,100.0
Abraham Lincoln,0,248.0,67.3,68.1,54.9,88.0
Adolfo Grana Rivera,1,271.0,33.0,32.0,21.0,50.0
Adrian Torres Torres,0,382.0,37.5,3.1,20.9,28.0
Agripina Seda,0,255.0,27.6,5.3,32.6,24.3
Almacigo Alto II,0,112.0,83.7,87.8,85.7,100.0
Almacigo Bajo I y Bajo II,1,117.0,66.0,60.0,45.0,56.0
Ana Maria Negron,1,163.0,38.0,8.0,28.0,58.0
Ana Valldejuly (Jauca),0,226.0,61.8,65.5,64.5,77.3
Andres Grillasca Salas,0,245.0,16.0,26.1,11.8,26.2
Angel Maldonado Bula,1,80.0,64.0,62.0,38.0,77.0
Angela Calvani Alvarado,1,164.0,79.0,66.0,60.0,61.0
Angela Cordero Bernard,0,648.0,49.9,44.7,29.6,47.4
Angelica Toro (Nueva),0,277.0,51.4,49.6,42.9,58.5
Antonio Paoli,0,153.0,11.7,0.0,10.6,17.4
Antonio Tulla Torres,0,180.0,43.6,66.3,28.0,58.3
Aristides Cales Quiros,0,299.0,27.8,3.9,28.0,32.0
Arturo Lluberas,0,234.0,66.0,68.6,47.6,100.0
Asuncion Rodriguez de Sala,0,670.0,40.3,1.4,42.4,46.2
Aurea E Rivera Collazo,0,333.0,56.5,72.7,41.2,61.8
Aurea Quiles Acevedo,0,522.0,32.3,0.0,34.4,35.4
Aurelia Quintero Laboy,1,124.0,57.0,49.0,45.0,60.0
Benicia Velez,0,122.0,100.0,100.0,100.0,93.8
Benigna I Caratini,1,154.0,85.0,93.0,85.0,90.0
Benjamin Franklin,0,251.0,44.4,21.5,40.7,38.2
Bernardino Cordero Bernard,0,1311.0,53.4,10.0,41.8,57.2
Bernardo Gonzalez Colon,0,365.0,36.0,19.8,30.8,39.4
Bethzaida Velazquez Superior,0,345.0,40.7,1.1,29.7,37.4
Capitanejo,0,158.0,62.9,53.9,40.4,68.2
Carmen Aponte,1,67.0,75.0,93.0,68.0,100.0
Carmen Belen Veiga,0,387.0,44.4,24.2,48.5,47.5
Carmen Sola de Pereira,0,294.0,57.6,72.7,45.5,86.4
Ceferino Colon Lucca,1,63.0,93.0,97.0,97.0,100.0
Cerrillo Hoyos,1,130.0,64.0,77.0,23.0,70.0
Consejo,1,92.0,87.0,83.0,58.0,86.0
Cristina (Amada)Martinez Martinez,0,330.0,35.4,9.2,38.5,76.9
Dalila Torres,0,147.0,62.9,74.3,62.9,25.0
Daniel Serrano Rivera,0,282.0,37.3,50.7,33.6,53.3
Domingo Massol,0,117.0,50.0,47.8,34.8,50.0
Domingo Puetri Ruiz,0,435.0,31.7,46.0,14.3,47.5
Dr Alfredo M Aguayo,0,248.0,27.2,12.3,17.9,25.0
Dr Efrain Gonzalez Tejera,0,169.0,89.5,97.4,96.1,100.0
Dr Jose C Barbosa,0,137.0,57.6,67.8,48.3,60.0
Dr Maximo Donoso Sanchez,0,474.0,45.0,5.0,28.7,58.5
Dr Pedro Albizu Campos,0,347.0,81.6,87.5,87.5,58.5
Dr Pedro Albizu Campos,0,131.0,93.1,65.5,93.1,100.0
Dr Pila,0,437.0,26.7,1.0,33.7,37.9
Dr Rafael Pujals,0,431.0,39.9,22.6,49.3,39.8
Eduardo Neumann Gandia,0,380.0,28.3,11.6,22.4,27.6
Elsa E Couto Annoni,0,101.0,84.2,94.7,100.0,93.3
Elvira Vicente,0,287.0,37.3,7.7,25.8,32.8
Elvira M Colon,0,408.0,28.8,5.2,31.3,35.7
Ernesto Ramos Antonini,0,432.0,86.2,64.0,90.0,85.9
Ernesto Ramos Antonini,0,286.0,18.0,16.4,8.2,17.2
Esther Rivera,1,184.0,44.0,48.0,60.0,89.0
Eugenio le Compte Benitez,0,451.0,27.0,2.6,22.7,18.2
Eugenio Maria de Hostos,1,142.0,81.0,92.0,91.0,75.0
Federico Degetau y Gonzalez,1,124.0,14.0,1.0,11.0,15.0
Felipe Colon Diaz,0,501.0,37.2,10.4,49.2,45.2
Felipe Quiñones,1,53.0,71.0,94.0,52.0,67.0
Felix Seijo,1,117.0,94.0,71.0,35.0,76.0
Fernando L Malave Oliveras,0,504.0,55.5,50.5,50.8,54.9
Florencio Santiago,0,320.0,55.7,26.2,61.5,82.2
Francisco Jordan,0,185.0,88.3,77.2,76.4,95.3
Francisco Parra Duperon,1,133.0,59.0,61.0,75.0,88.0
Francisco Pietri Mariani,1,70.0,29.0,61.0,11.0,55.0
Francisco Prado Picart,0,306.0,43.9,32.9,43.9,56.6
Francisco Ramos Sanchez,0,387.0,59.5,14.3,41.2,48.9
Francisco Rodriguez Lopez,1,192.0,58.0,69.0,45.0,90.0
Francisco Zayas Santana,0,399.0,33.4,6.1,23.0,35.3
Fraternidad,1,98.0,79.0,86.0,76.0,76.0
Gloria Maria Borrero Oliveras,0,610.0,50.5,31.2,39.7,42.3
Hector I Rivera,0,275.0,33.8,16.9,24.2,41.0
Hemeterio Colon,0,299.0,48.5,10.9,52.4,60.5
Herminia Garcia,0,533.0,76.0,77.5,71.7,91.8
Herminio W Santaella,0,249.0,58.4,18.4,52.1,65.2
Hipolito Garcia ,0,298.0,60.2,45.8,46.3,63.9
Ines Maria Mendoza,0,259.0,80.9,78.3,65.9,64.6
Inocencio Montero,0,326.0,56.9,45.3,38.4,68.2
Intermedia Ramon Perez Purcel,1,112.0,28.0,8.0,27.0,37.0
Intermedia Tallaboa Alta,0,235.0,23.3,10.8,10.8,21.5
Isabel Alvarado Alvarado,0,424.0,39.1,23.1,26.4,47.4
Ismael Maldonado Lugaro,0,224.0,25.2,5.2,23.8,18.6
Jaime L Drew,0,286.0,36.6,50.4,25.2,74.5
Jardines de Ponce,0,332.0,34.0,2.9,26.0,19.6
Joaquin Ferran Lluis,1,79.0,71.0,74.0,67.0,83.0
John F Kennedy,1,163.0,93.0,100.0,92.0,100.0
Jose M Espada Zayas,0,267.0,75.5,69.2,79.0,91.1
Jose A Gonzalez,1,198.0,92.0,95.0,88.0,100.0
Jose Emilio Lugo,0,618.0,41.7,3.3,32.0,44.0
Jose Felipe Zayas,0,624.0,34.0,4.9,31.9,41.0
Jose Gautier Benitez,1,158.0,60.0,72.0,61.0,100.0
Jose Onofre Torres,0,412.0,33.2,17.7,32.9,30.1
Jose Ramon Rodriguez,0,353.0,70.6,60.6,60.6,81.1
Jose Rodriguez Soto,0,446.0,41.6,24.4,37.3,31.4
Jose Vizcarrondo,0,191.0,53.3,23.3,53.3,80.0
Josefa Velez Bauza (Superor Urbana),0,700.0,32.4,2.7,24.7,33.7
Josefina Boya,0,314.0,56.6,53.3,40.2,37.5
Josefina Leon Zayas,0,574.0,33.3,4.2,25.0,40.4
Juan Cuevas Aboy,0,346.0,66.7,84.2,24.0,35.7
Juan Serapio Mangual,0,290.0,68.0,58.5,58.5,51.5
Juan Serralles (Intermedia),0,495.0,44.6,4.0,31.7,32.0
Juan Serralles (Superior),0,384.0,42.0,0.9,42.0,53.6
Juanita Rivera,1,192.0,30.0,30.0,25.0,32.0
Judith A Vivas,0,353.0,88.8,96.9,80.6,88.3
Julio Alvarado,0,326.0,36.5,47.6,24.7,70.8
Julio Collazo Silva,0,213.0,37.5,45.8,28.3,48.3
Lena M Francesch - Rubias Km 2.5,0,76.0,62.7,51.0,41.2,100.0
Librado Net,0,200.0,67.8,74.7,46.0,78.3
Lila Maria Mercedes Mayoral,0,275.0,23.0,0.0,15.0,26.7
Llanos del Sur,0,332.0,55.0,71.6,43.8,63.3
Loaiza Cordero del Rosario,0,559.0,37.5,20.3,31.3,39.1
Lucy Grillasca,0,231.0,63.5,65.3,51.6,56.3
Luis A Ferre Aguayo,0,141.0,61.7,71.7,60.0,94.7
Luis Llorens Torres,0,575.0,42.1,1.3,49.7,39.0
Luis Muñoz Marin,0,195.0,28.7,4.6,18.5,15.0
Luis Muñoz Rivera,0,764.0,47.3,8.1,38.4,42.6
Luis Muñoz Rivera,0,125.0,83.3,91.7,93.8,93.8
Luis Muñoz Rivera,0,240.0,79.0,73.9,59.9,86.1
Lysander Borrero Terry,0,772.0,38.2,12.6,42.5,51.0
Magueyes li,0,143.0,58.5,60.4,43.4,85.7
Manuel F Fernandez Juncos,0,376.0,49.5,62.1,45.2,0.0
Manuel Gonzalez Pato,0,458.0,42.9,8.9,33.2,40.8
Manuel Martin Monserrate,0,313.0,42.5,1.6,37.1,36.5
Maria L Mc Dougall,0,181.0,47.4,60.5,44.7,70.8
Maria Libertad Gomez,0,172.0,23.1,24.7,12.0,44.8
Martin G Brumbaugh,0,242.0,82.8,87.9,84.5,100.0
Miguel A Sastre Oliver,0,185.0,52.6,64.5,15.8,72.4
Miguel Gonzalez Bauza,0,240.0,39.4,41.3,21.2,56.7
Norma I Torres Colon,0,286.0,26.5,22.3,21.8,20.5
Olga E Colon Torres,1,147.0,80.0,81.0,81.0,86.0
Padre Nazario,1,89.0,88.0,100.0,93.0,100.0
Parcelas Real,1,123.0,93.0,86.0,89.0,100.0
Paso Palma I,1,78.0,93.0,100.0,93.0,100.0
Patria Perez,1,102.0,71.0,64.0,58.0,79.0
Pedro Colon Santiago,0,255.0,44.3,39.5,49.5,75.0
Pedro Melendez Santiago,0,449.0,52.6,40.7,41.9,51.1
Ponce High School,0,850.0,40.6,0.0,39.1,45.8
Profesora Luiza Monsegur Velez,0,159.0,82.6,89.9,91.3,90.5
Purificacion Rodriguez,0,298.0,82.1,86.6,89.6,72.7
Quebradas,0,203.0,81.8,92.3,80.0,100.0
Rafael Aparicio Jimenez,0,354.0,29.6,1.6,19.5,35.4
Rafael Irizarry Rivera,0,394.0,34.4,4.8,37.2,27.7
Ramiro Colon Colon,1,163.0,42.0,54.0,26.0,50.0
Ramon Jose Davila,0,739.0,60.1,16.0,55.8,58.6
Ramon Lopez Berrios,0,93.0,93.3,96.7,86.7,100.0
Ramon Marin,0,176.0,70.8,100.0,81.9,100.0
Ramon Perez Purcell,0,255.0,77.4,75.2,51.1,65.3
Rodulfo del Valle,0,287.0,61.0,57.4,46.1,76.3
Roman Colon Correa,0,310.0,44.2,30.5,26.9,52.7
Rufino Huertas,1,205.0,58.0,52.0,51.0,89.0
Rutherford B Hayes,0,329.0,65.2,68.7,26.8,75.5
Sabino Rivera Berrios,0,189.0,38.9,26.5,23.9,55.0
San Patricio,0,93.0,61.5,74.4,56.4,84.6
Santa Teresita,0,264.0,47.9,62.4,29.1,48.8
Santiago Negroni,0,249.0,65.1,67.0,39.4,78.1
Sor Isolina Ferre,0,370.0,41.4,1.5,37.8,47.4
Su Antonia Serrano Gonzalez,0,201.0,41.5,43.2,28.8,47.5
Su Antonio Romero Muñiz,0,292.0,33.0,15.5,23.0,37.0
Su Eugenio Nazario Soto,0,191.0,42.1,26.3,26.3,44.1
Su Hatillo,0,403.0,49.0,40.8,42.8,52.3
Su Jaime Castañer,0,168.0,41.9,22.2,17.9,36.1
Su Jorge Lucas Valdivieso,0,221.0,39.1,31.2,27.5,48.6
Su Jose Gonzalez Ginorio,1,269.0,48.0,24.0,36.0,49.0
Su Marta Lafontaine,0,119.0,70.6,60.0,54.9,81.3
Su Nemesio R Canales,0,292.0,32.4,18.8,20.0,34.0
Su Zoilo Gracia,0,185.0,49.6,30.3,42.9,52.3
Superior Jardines de Ponce,0,509.0,31.5,1.6,31.5,40.9
Superior Ocupacional y Tecnica de Yauco,0,875.0,49.5,7.1,49.5,61.0
Superior Vocacional,0,603.0,37.9,0.7,31.4,39.9
Susana Rivera-Nueva,0,488.0,59.5,56.6,46.6,71.3
Telesforo Velez Oliver,1,102.0,44.0,31.0,13.0,40.0
Tomas Carrion Maduro,1,272.0,63.0,69.0,65.0,51.0
Walter Mc Jones,1,310.0,91.0,90.0,86.0,100.0
Webster,0,239.0,74.6,89.6,64.2,100.0
Abelardo Diaz Alfaro,1,97.0,66.0,59.0,55.0,31.0
Abraham Lincoln,0,141.0,36.7,56.7,26.7,50.0
Agustin Cabrera,0,417.0,24.7,0.3,20.7,22.0
Albert Einstein,0,363.0,22.6,0.0,21.0,32.3
Alejandro Tapia y Rivera,0,256.0,11.6,17.2,10.2,14.0
Amalia Marin,0,371.0,23.7,6.0,17.4,18.5
Amalia Marin,0,133.0,90.9,92.6,85.2,100.0
Ana Roque de Duprey,1,135.0,17.0,77.0,6.0,37.0
Andres Vlcarcel,0,364.0,28.1,2.3,18.8,20.7
Angel P Millan Rohena,0,574.0,30.0,25.4,39.0,38.5
Angel Ramos,1,332.0,45.0,27.0,23.0,55.0
Antonio B Caimary,0,256.0,31.3,44.4,14.6,43.6
Antonio Sarriera Egozcue,0,265.0,30.9,30.4,21.0,75.0
Berwind Elemental,0,216.0,25.3,28.0,30.1,16.7
Berwind Intermedia,0,346.0,25.1,1.9,16.7,26.2
Berwind Superior,0,493.0,26.4,2.3,24.4,26.7
Betty Rosado de Vega,0,205.0,62.6,60.7,72.0,53.8
Bolivar Pagan,1,256.0,38.0,45.0,33.0,50.0
Carmen Gomez Tejera,0,219.0,27.0,32.0,8.0,14.7
Carmen Sanabria de Figueroa,1,188.0,57.0,64.0,36.0,47.0
Central Artes Visuales,0,668.0,86.1,21.4,84.8,73.8
Centro Eugenio Maria de Hostos,0,142.0,18.9,0.0,0.0,16.2
Cruz Salguero Torres,1,232.0,24.0,2.0,25.0,24.0
Dr Antonio S Pedreira,0,291.0,87.0,96.7,72.4,100.0
Dr Facundo Bueso,0,304.0,19.5,0.0,31.7,22.5
Dr Francisco Hernandez y Gaetan,0,183.0,59.6,67.4,32.6,61.3
Dr Jose Celso Barbosa,0,296.0,26.5,0.6,20.3,27.0
Dr Jose M Lazaro,0,752.0,29.1,1.2,34.8,29.7
Dr Julio J Henna,0,294.0,28.2,60.7,56.4,57.9
Dr Modesto Rivera Rivera,0,189.0,45.1,42.1,38.0,95.2
Dr Ramon Mellado Parsons,1,249.0,41.0,42.0,31.0,59.0
Eduardo J Saldaña,0,153.0,43.6,23.1,38.5,50.0
El Conquistador,0,293.0,79.0,81.4,64.6,88.9
El Señorial,0,237.0,27.0,27.0,22.0,20.6
Eleaonor Roosevelt,0,253.0,37.9,50.9,18.3,78.8
Elemental Nueva,0,250.0,37.7,23.2,23.9,81.5
Emilio Castelar,1,159.0,83.0,70.0,47.0,82.0
Emilio del Toro Cuevas,0,131.0,53.6,60.7,25.0,77.8
Ernesto Ramos Antonini,0,184.0,16.0,5.8,7.2,11.5
Ernesto Ramos Antonini (Musica),0,576.0,71.4,7.1,74.0,62.4
Evaristo Rivera Chevremont,0,350.0,50.3,46.6,51.9,66.7
Fair View,0,248.0,64.5,77.6,51.4,85.3
Federico Asenjo (Pre-Tecnica),0,361.0,51.2,4.5,24.9,35.2
Felipe Gutierrez,0,267.0,29.5,34.3,16.3,30.4
Francisco Matias Lugo,0,611.0,33.2,38.8,26.1,44.0
Fray Bartolome de las Casas,0,253.0,58.9,37.4,51.4,58.3
Gabriela Mistral,0,605.0,29.5,0.8,44.6,32.2
Gaspar Vila Mayans,0,202.0,17.5,22.5,1.3,21.9
Gerardo Selles Sola,1,269.0,44.0,46.0,40.0,45.0
Gilberto Concepcion de Gracia,0,1048.0,30.5,0.5,38.0,39.1
Gustavo A Becquer,0,163.0,25.0,40.9,6.9,42.3
Herminia Diaz Aponte,0,232.0,41.9,59.8,19.6,64.9
Ines Maria Mendoza,0,867.0,24.9,6.6,19.4,19.7
Instituto Loaiza Cordero,0,168.0,25.3,22.5,15.2,45.2
Jaime Rosario (Buena Vista Elemental),1,118.0,57.0,69.0,46.0,28.0
Jesus Manuel Suarez,0,222.0,80.2,92.5,91.2,80.0
Jesus Maria Sanroma,0,348.0,17.5,18.2,8.8,13.8
Jesus T Piñero,0,309.0,73.0,83.4,43.4,67.4
Jesus T Piñero,1,294.0,13.0,2.0,12.0,4.0
Jose F Diaz,0,229.0,24.0,43.8,17.9,40.0
Jose Gualberto Padilla,1,223.0,53.0,51.0,12.0,73.0
Jose Julian Acosta (Teatro),0,212.0,68.0,14.0,55.6,76.5
Jose M Rivera Solis,1,176.0,15.0,29.0,6.0,23.0
Jose Severo Quiñones,0,606.0,38.0,30.1,39.4,59.4
Josefina Barcelo,0,404.0,19.7,0.0,29.4,32.8
Juan Antonio Corretjer,0,399.0,55.8,22.3,34.2,41.5
Juan B Huyke,0,395.0,27.8,24.3,20.5,13.9
Juan E Miranda,0,461.0,36.1,6.4,32.6,36.8
Jose Juan Osuna,0,228.0,75.0,2.1,64.6,70.2
Juan Ponce de Leon,0,390.0,18.9,0.0,25.5,23.4
Juan Ponce de Leon,0,369.0,49.7,39.1,46.8,50.9
Juan Ramon Jimenez,0,241.0,19.6,0.9,15.2,22.6
Juan Roman Ocasio,1,159.0,51.0,72.0,42.0,53.0
Juana A Mendez,0,474.0,61.6,69.9,57.5,80.8
Juanita Garcia Peraza,0,249.0,92.7,91.1,87.8,100.0
Julian E Blanco,0,110.0,87.5,69.4,90.3,80.8
Julio Selles Sola,0,581.0,64.9,62.5,43.4,59.2
La Esperanza (Luis Pales Matos),0,234.0,61.8,75.0,67.6,88.5
Las Americas,0,331.0,22.6,9.7,14.4,17.8
Las Mercedes,1,171.0,48.0,52.0,20.0,71.0
Las Virtudes,1,140.0,72.0,76.0,50.0,76.0
Lcdo Guillermo Atiles Moreau,0,134.0,39.7,35.6,32.8,18.2
Lorenzo Vizcarrondo,0,706.0,23.7,0.0,23.1,19.7
Luis Llorens Torres,0,332.0,17.0,26.0,9.9,21.2
Luis Muñiz Souffront,0,169.0,50.9,51.4,31.5,65.7
Luis Muñoz Marin,1,181.0,35.0,38.0,25.0,19.0
Luis Muñoz Rivera,0,308.0,73.8,77.3,40.7,75.0
Luis Muñoz Rivera,0,223.0,56.4,52.5,16.0,51.5
Luis Muñoz Rivera II,0,96.0,50.0,59.3,45.4,51.5
Luis Rodriguez Cabrero,0,267.0,18.6,27.8,18.9,56.0
Luz America Calderon,0,583.0,25.4,0.0,31.5,22.3
Luz Eneida Colon,0,301.0,57.4,70.6,31.1,69.0
Manuel A Perez,0,408.0,26.6,21.5,18.8,17.0
Manuel Boada,0,204.0,78.3,72.8,58.7,81.8
Manuel Cuevas Bacener,1,240.0,21.0,1.0,16.0,20.0
Manuel Elzaburu y Vizcarrondo,0,230.0,10.0,0.0,6.5,11.3
Manuel Febres Gonzalez,0,377.0,19.8,0.6,14.2,11.6
Margarita Janer Palacios,0,843.0,33.2,1.4,31.1,33.0
Maria Teresa Serrano,0,322.0,62.6,63.9,55.1,60.0
Mariano Abril Elemental,0,264.0,51.2,65.9,55.8,66.7
Martin Gonzalez,1,184.0,23.0,1.0,22.0,10.0
Medardo Carazo,0,604.0,24.4,0.0,22.6,28.8
Miguel Such,0,1131.0,35.9,0.0,30.5,31.1
Moises Melendez,1,130.0,57.0,58.0,22.0,44.0
Nemesio R Canales I,0,390.0,8.3,3.2,6.1,10.6
Nuestra Señora de Covadonga,1,143.0,27.0,49.0,16.0,71.0
Nueva Elemental Ba Quebrada Negrito,0,367.0,54.1,66.9,42.7,41.2
Nuev Elemental Urbana de Guaynabo,0,426.0,50.6,46.0,38.7,63.5
Pachin Marin,0,312.0,27.7,12.6,28.2,13.7
Padre Rufo,0,319.0,71.9,23.0,84.2,71.0
Pascacio P Sancerrit,0,342.0,25.8,39.3,17.2,28.6
Paul G Miller,1,262.0,91.0,99.0,94.0,98.0
Pedro C Timothee Anexo,0,102.0,90.0,95.0,95.0,95.0
Pedro Carlos Timothee,0,159.0,54.4,63.2,30.9,90.0
Pedo Moczo Baniet,0,335.0,32.1,43.6,24.2,55.6
Petra Roman Vigo,0,433.0,24.9,3.4,21.3,25.3
Petra Zenon de Fabery,0,497.0,31.9,0.8,49.6,46.6
Prisco Fuentes,0,524.0,36.0,36.7,21.2,55.6
Rafael Cordero,0,291.0,58.5,0.0,39.6,45.3
Rafael Cordero,1,249.0,30.0,3.0,21.0,59.0
Rafael Hernandez,0,252.0,47.9,52.9,45.4,70.5
Rafael Hernandez Marin,0,264.0,79.8,77.5,74.4,84.4
Rafael Maria de Labra,0,235.0,24.8,3.0,23.0,48.1
Rafael Martinez Nadal,0,347.0,15.5,0.3,6.9,14.9
Rafael Quiñones Vidal,1,171.0,37.0,45.0,29.0,28.0
Rafael Rivera Otero,0,224.0,31.8,42.7,21.8,53.3
Ramon Marin Sola,0,360.0,39.6,54.1,28.2,51.9
Ramon Power y Giralt,0,271.0,10.2,0.0,6.9,8.6
Ramon Vila Mayo,0,495.0,22.8,4.7,16.5,18.7
Rene Marques,0,505.0,39.5,7.4,30.5,32.1
Republica de Brazil,0,257.0,50.0,51.4,10.8,47.5
Republica de Colombia,0,298.0,11.8,0.0,0.0,16.7
Republica del Peru,0,190.0,30.4,9.6,31.5,15.0
Roberto Clemente,0,333.0,35.2,40.3,14.6,74.3
Rosalina C Martinez,0,378.0,20.7,3.0,17.2,11.4
Rvdo Felix Castro Rodriguez,0,365.0,49.4,3.9,42.1,37.4
Sabana Llana,1,178.0,13.0,1.0,3.0,18.0
Salvador Brau,0,290.0,30.4,4.4,18.9,42.5
San Agustin,0,329.0,38.9,61.1,28.0,68.3
San Martin (Angeles Pastor),0,206.0,39.0,44.2,35.6,45.0
Santa Rosa III,0,358.0,77.9,77.9,80.9,82.9
Santiago Iglesias Pantin,0,269.0,26.3,15.5,19.0,20.4
Santiago Iglesias Pantin,1,158.0,33.0,34.0,25.0,22.0
Santiago Iglesias Pantin,0,494.0,54.2,62.8,46.0,70.6
Sotero Figueroa,0,322.0,79.4,49.0,77.5,79.1
Su Dr Arturo Morales Carrion,0,380.0,28.9,15.4,19.7,33.9
Su Rafael Hernandez,1,135.0,16.0,6.0,12.0,41.0
Tomas Carrion Maduro,1,70.0,41.0,38.0,45.0,20.0
Trina Padilla de Sanz,0,422.0,54.9,11.0,45.1,74.7
Tulio Larrinaga,0,246.0,81.7,78.2,65.5,92.6
University Gardens,0,566.0,100.0,96.1,99.2,100.0
Venus Gadens,0,426.0,53.0,7.9,39.1,31.1
Victor Pares Collazo,0,99.0,26.9,42.3,46.2,55.6
Jesus Silva,0,309.0,73.0,83.4,43.4,67.4
Alejandro Tapia y Rivera,1,411.0,24.0,1.0,18.0,28.0
Jose F Diaz,0,229.0,24.0,43.8,17.9,40.0
Villa Capri,0,222.0,96.8,98.9,92.6,100.0
Villa Granada,0,387.0,29.7,10.8,14.7,32.6
William D Boyce,0,433.0,16.1,4.0,18.4,20.5
